{
  "Profiles": [
    {
      "Name": "Rose Pine",
      "Guid": "D70F6FA9-E763-4EB6-BDB0-5FB88A864C03",
      "Background Color": {
        "Red Component": 0.09803921568627451,
        "Green Component": 0.09019607843137255,
        "Blue Component": 0.1411764705882353,
        "Color Space": "sRGB"
      },
      "Foreground Color": {
        "Red Component": 0.8784313725490196,
        "Green Component": 0.8705882352941177,
        "Blue Component": 0.9568627450980392,
        "Color Space": "sRGB"
      },
      "Cursor Color": {
        "Red Component": 0.8784313725490196,
        "Green Component": 0.8705882352941177,
        "Blue Component": 0.9568627450980392,
        "Color Space": "sRGB"
      },
      "Ansi 0 Color": {
        "Red Component": 0.12156862745098039,
        "Green Component": 0.11372549019607843,
        "Blue Component": 0.1803921568627451,
        "Color Space": "sRGB"
      },
      "Ansi 1 Color": {
        "Red Component": 0.9215686274509803,
        "Green Component": 0.43529411764705883,
        "Blue Component": 0.5725490196078431,
        "Color Space": "sRGB"
      },
      "Ansi 2 Color": {
        "Red Component": 0.12156862745098039,
        "Green Component": 0.4549019607843137,
        "Blue Component": 0.5607843137254902,
        "Color Space": "sRGB"
      },
      "Ansi 3 Color": {
        "Red Component": 0.9647058823529412,
        "Green Component": 0.7568627450980392,
        "Blue Component": 0.4666666666666667,
        "Color Space": "sRGB"
      },
      "Ansi 4 Color": {
        "Red Component": 0.19215686274509805,
        "Green Component": 0.4549019607843137,
        "Blue Component": 0.5607843137254902,
        "Color Space": "sRGB"
      },
      "Ansi 5 Color": {
        "Red Component": 0.7686274509803922,
        "Green Component": 0.6549019607843137,
        "Blue Component": 0.9058823529411765,
        "Color Space": "sRGB"
      },
      "Ansi 6 Color": {
        "Red Component": 0.611764705882353,
        "Green Component": 0.8117647058823529,
        "Blue Component": 0.8470588235294118,
        "Color Space": "sRGB"
      },
      "Ansi 7 Color": {
        "Red Component": 0.8784313725490196,
        "Green Component": 0.8705882352941177,
        "Blue Component": 0.9568627450980392,
        "Color Space": "sRGB"
      },
      "Ansi 8 Color": {
        "Red Component": 0.14901960784313725,
        "Green Component": 0.13725490196078433,
        "Blue Component": 0.22745098039215686,
        "Color Space": "sRGB"
      },
      "Ansi 9 Color": {
        "Red Component": 0.9215686274509803,
        "Green Component": 0.43529411764705883,
        "Blue Component": 0.5725490196078431,
        "Color Space": "sRGB"
      },
      "Ansi 10 Color": {
        "Red Component": 0.19215686274509805,
        "Green Component": 0.4549019607843137,
        "Blue Component": 0.5607843137254902,
        "Color Space": "sRGB"
      },
      "Ansi 11 Color": {
        "Red Component": 0.9647058823529412,
        "Green Component": 0.7568627450980392,
        "Blue Component": 0.4666666666666667,
        "Color Space": "sRGB"
      },
      "Ansi 12 Color": {
        "Red Component": 0.19215686274509805,
        "Green Component": 0.4549019607843137,
        "Blue Component": 0.5607843137254902,
        "Color Space": "sRGB"
      },
      "Ansi 13 Color": {
        "Red Component": 0.7686274509803922,
        "Green Component": 0.6549019607843137,
        "Blue Component": 0.9058823529411765,
        "Color Space": "sRGB"
      },
      "Ansi 14 Color": {
        "Red Component": 0.611764705882353,
        "Green Component": 0.8117647058823529,
        "Blue Component": 0.8470588235294118,
        "Color Space": "sRGB"
      },
      "Ansi 15 Color": {
        "Red Component": 0.8784313725490196,
        "Green Component": 0.8705882352941177,
        "Blue Component": 0.9568627450980392,
        "Color Space": "sRGB"
      },
      "Bold Color": {
        "Red Component": 0.8784313725490196,
        "Green Component": 0.8705882352941177,
        "Blue Component": 0.9568627450980392,
        "Color Space": "sRGB"
      },
      "Link Color": {
        "Red Component": 0.7686274509803922,
        "Green Component": 0.6549019607843137,
        "Blue Component": 0.9058823529411765,
        "Color Space": "sRGB"
      },
      "Selection Color": {
        "Red Component": 0.25098039215686274,
        "Green Component": 0.23921568627450981,
        "Blue Component": 0.3215686274509804,
        "Color Space": "sRGB"
      },
      "Selected Text Color": {
        "Red Component": 0.8784313725490196,
        "Green Component": 0.8705882352941177,
        "Blue Component": 0.9568627450980392,
        "Color Space": "sRGB"
      },
      "Cursor Text Color": {
        "Red Component": 0.09803921568627451,
        "Green Component": 0.09019607843137255,
        "Blue Component": 0.1411764705882353,
        "Color Space": "sRGB"
      }
    }
  ]
}
